Date,Store Name,Product_1,Product_2,Product_3,Product_4,Product_5,Product_6
2021-01-01,Store_A,54,134,39,35,36,16
2021-01-02,Store_A,291,98,69,38,45,13
2021-01-03,Store_A,105,126,110,82,21,23
2021-01-04,Store_A,217,40,147,72,73,34
2021-01-05,Store_A,239,75,73,29,49,35
2021-01-06,Store_A,150,162,98,37,64,43
2021-01-07,Store_A,152,33,79,29,24,32
2021-01-08,Store_A,266,63,128,58,56,40
2021-01-09,Store_A,223,34,21,62,75,4
2021-01-10,Store_A,227,86,109,96,52,15
2021-01-11,Store_A,237,180,118,34,68,35
2021-01-12,Store_A,225,43,91,59,22,15
2021-01-13,Store_A,288,32,45,15,44,41
2021-01-14,Store_A,77,182,137,83,61,6
2021-01-15,Store_A,208,56,55,98,64,10
2021-01-16,Store_A,145,34,120,57,56,10
2021-01-17,Store_A,148,169,148,98,43,5
2021-01-18,Store_A,184,58,80,49,36,37
2021-01-19,Store_A,261,162,28,48,75,20
2021-01-20,Store_A,112,80,79,86,47,46
2021-01-21,Store_A,114,88,29,47,76,49
2021-01-22,Store_A,188,196,34,99,48,23
2021-01-23,Store_A,218,99,100,83,19,32
2021-01-24,Store_A,208,88,122,56,50,42
2021-01-25,Store_A,153,75,121,96,32,7
2021-01-26,Store_A,193,181,107,67,30,14
2021-01-27,Store_A,131,164,72,51,43,30
2021-01-28,Store_A,196,195,31,58,55,24
2021-01-29,Store_A,238,42,60,42,53,36
2021-01-30,Store_A,245,173,138,80,72,1
2021-01-31,Store_A,83,76,50,45,71,26
2021-02-01,Store_A,261,32,141,41,63,18
2021-02-02,Store_A,155,103,55,98,78,47
2021-02-03,Store_A,109,44,78,94,43,20
2021-02-04,Store_A,108,92,144,14,43,3
2021-02-05,Store_A,282,115,31,22,51,1
2021-02-06,Store_A,159,155,146,93,48,0
2021-02-07,Store_A,90,70,143,56,9,32
2021-02-08,Store_A,182,114,73,49,72,12
2021-02-09,Store_A,170,89,117,85,79,8
2021-02-10,Store_A,170,168,95,17,35,35
2021-02-11,Store_A,294,156,75,77,75,48
2021-02-12,Store_A,119,129,88,79,17,4
2021-02-13,Store_A,88,80,30,94,17,30
2021-02-14,Store_A,96,36,69,78,53,18
2021-02-15,Store_A,268,140,67,95,28,8
2021-02-16,Store_A,127,138,147,41,47,28
2021-02-17,Store_A,241,166,144,90,56,16
2021-02-18,Store_A,211,105,36,39,40,38
2021-02-19,Store_A,259,47,38,84,38,44
2021-02-20,Store_A,193,69,67,55,66,23
2021-02-21,Store_A,104,43,37,46,28,6
2021-02-22,Store_A,123,105,52,91,72,13
2021-02-23,Store_A,150,196,140,20,16,24
2021-02-24,Store_A,190,32,71,28,76,1
2021-02-25,Store_A,107,115,42,13,58,25
2021-02-26,Store_A,298,179,61,12,49,16
2021-02-27,Store_A,226,70,129,81,11,35
2021-02-28,Store_A,220,115,40,32,35,15
2021-03-01,Store_A,108,103,67,11,17,34
2021-03-02,Store_A,240,150,64,15,5,38
2021-03-03,Store_A,271,98,144,61,12,41
2021-03-04,Store_A,182,42,71,67,44,42
2021-03-05,Store_A,292,188,114,50,70,0
2021-03-06,Store_A,150,185,72,93,8,47
2021-03-07,Store_A,224,58,63,39,49,10
2021-03-08,Store_A,54,61,67,75,38,18
2021-03-09,Store_A,141,70,42,19,24,29
2021-03-10,Store_A,198,144,81,23,34,33
2021-03-11,Store_A,81,132,21,24,63,37
2021-03-12,Store_A,231,43,120,29,29,45
2021-03-13,Store_A,223,127,124,35,10,41
2021-03-14,Store_A,265,194,32,66,52,25
2021-03-15,Store_A,243,191,102,78,29,42
2021-03-16,Store_A,186,180,48,94,75,13
2021-03-17,Store_A,78,199,130,52,72,0
2021-03-18,Store_A,154,89,27,76,49,6
2021-03-19,Store_A,247,169,141,96,32,47
2021-03-20,Store_A,292,117,86,11,41,11
2021-03-21,Store_A,209,100,119,80,47,24
2021-03-22,Store_A,292,124,60,74,64,11
2021-03-23,Store_A,238,37,103,70,70,24
2021-03-24,Store_A,62,184,26,11,78,23
2021-03-25,Store_A,88,195,63,67,10,47
2021-03-26,Store_A,214,45,86,22,50,39
2021-03-27,Store_A,108,102,46,29,23,22
2021-03-28,Store_A,274,157,109,26,77,21
2021-03-29,Store_A,188,58,67,11,5,33
2021-03-30,Store_A,106,134,145,78,42,47
2021-03-31,Store_A,232,102,125,27,43,11
2021-04-01,Store_A,163,194,36,49,28,2
2021-04-02,Store_A,160,126,130,29,79,36
2021-04-03,Store_A,256,100,88,79,78,12
2021-04-04,Store_A,101,52,100,51,10,38
2021-04-05,Store_A,242,119,52,31,60,6
2021-04-06,Store_A,191,127,82,84,53,46
2021-04-07,Store_A,255,116,120,71,60,37
2021-04-08,Store_A,53,184,143,44,52,45
2021-04-09,Store_A,253,152,98,96,60,19
2021-04-10,Store_A,111,63,136,88,14,46
2021-04-11,Store_A,69,76,104,54,16,45
2021-04-12,Store_A,274,88,48,80,7,14
2021-04-13,Store_A,180,136,128,28,13,38
2021-04-14,Store_A,232,53,50,60,16,19
2021-04-15,Store_A,130,56,66,37,50,26
2021-04-16,Store_A,141,144,111,58,44,39
2021-04-17,Store_A,259,189,99,24,20,19
2021-04-18,Store_A,221,197,59,69,17,17
2021-04-19,Store_A,281,40,146,46,25,1
2021-04-20,Store_A,155,116,128,97,10,38
2021-04-21,Store_A,166,178,41,21,75,17
2021-04-22,Store_A,176,119,88,12,9,43
2021-04-23,Store_A,225,111,109,86,51,30
2021-04-24,Store_A,66,188,32,17,13,1
2021-04-25,Store_A,236,108,91,88,10,46
2021-04-26,Store_A,210,50,35,65,28,4
2021-04-27,Store_A,225,110,46,57,47,44
2021-04-28,Store_A,92,117,123,56,38,17
2021-04-29,Store_A,92,38,139,90,68,19
2021-04-30,Store_A,289,59,108,90,36,39
2021-05-01,Store_A,181,46,113,30,12,35
2021-05-02,Store_A,261,38,82,14,14,23
2021-05-03,Store_A,67,184,89,60,31,34
2021-05-04,Store_A,168,90,36,18,14,5
2021-05-05,Store_A,180,145,74,73,54,31
2021-05-06,Store_A,236,85,133,18,51,22
2021-05-07,Store_A,111,91,138,82,50,3
2021-05-08,Store_A,223,63,38,28,58,44
2021-05-09,Store_A,127,198,24,63,67,44
2021-05-10,Store_A,76,100,100,95,24,14
2021-05-11,Store_A,224,74,107,64,53,15
2021-05-12,Store_A,208,181,38,96,65,37
2021-05-13,Store_A,132,129,134,73,64,33
2021-05-14,Store_A,99,47,103,76,14,9
2021-05-15,Store_A,232,120,34,22,38,32
2021-05-16,Store_A,67,105,67,37,54,16
2021-05-17,Store_A,254,67,115,57,9,32
2021-05-18,Store_A,297,86,54,30,62,44
2021-05-19,Store_A,270,190,106,73,47,49
2021-05-20,Store_A,189,79,146,17,23,21
2021-05-21,Store_A,155,75,74,21,59,5
2021-05-22,Store_A,228,72,46,21,63,21
2021-05-23,Store_A,193,42,62,74,37,16
2021-05-24,Store_A,86,57,59,53,65,46
2021-05-25,Store_A,240,192,117,44,18,3
2021-05-26,Store_A,69,146,133,79,71,44
2021-05-27,Store_A,154,122,129,58,24,33
2021-05-28,Store_A,50,32,93,41,20,3
2021-05-29,Store_A,288,53,33,12,18,5
2021-05-30,Store_A,87,134,104,41,71,45
2021-05-31,Store_A,272,87,72,48,39,30
2021-06-01,Store_A,202,137,42,86,20,18
2021-06-02,Store_A,157,41,105,10,36,5
2021-06-03,Store_A,78,129,48,31,36,40
2021-06-04,Store_A,192,41,130,52,23,27
2021-06-05,Store_A,272,87,140,70,40,35
2021-06-06,Store_A,158,181,77,60,40,23
2021-06-07,Store_A,279,160,116,49,7,10
2021-06-08,Store_A,65,126,126,94,45,20
2021-06-09,Store_A,293,72,76,51,60,42
2021-06-10,Store_A,144,135,120,39,36,22
2021-06-11,Store_A,223,50,31,91,44,37
2021-06-12,Store_A,158,166,120,78,74,45
2021-06-13,Store_A,137,147,103,38,8,40
2021-06-14,Store_A,190,92,53,35,62,23
2021-06-15,Store_A,108,159,129,59,71,10
2021-06-16,Store_A,54,166,25,64,75,22
2021-06-17,Store_A,221,104,29,68,15,41
2021-06-18,Store_A,58,129,21,82,8,40
2021-06-19,Store_A,239,163,23,94,23,14
2021-06-20,Store_A,110,162,57,69,32,42
2021-06-21,Store_A,171,168,32,98,63,4
2021-06-22,Store_A,224,36,137,61,58,21
2021-06-23,Store_A,80,156,130,74,36,36
2021-06-24,Store_A,204,189,40,66,72,1
2021-06-25,Store_A,54,32,32,28,56,34
2021-06-26,Store_A,142,84,90,96,79,40
2021-06-27,Store_A,260,40,79,99,58,44
2021-06-28,Store_A,149,101,141,66,26,9
2021-06-29,Store_A,241,140,82,27,30,45
2021-06-30,Store_A,85,59,101,28,51,0
2021-07-01,Store_A,269,68,35,89,61,37
2021-07-02,Store_A,244,100,141,40,44,31
2021-07-03,Store_A,231,158,44,98,25,17
2021-07-04,Store_A,225,37,83,19,17,7
2021-07-05,Store_A,273,138,148,46,41,25
2021-07-06,Store_A,152,76,139,15,37,18
2021-07-07,Store_A,224,185,38,38,65,34
2021-07-08,Store_A,224,196,116,71,49,11
2021-07-09,Store_A,225,118,105,25,74,21
2021-07-10,Store_A,121,95,23,39,60,5
2021-07-11,Store_A,91,152,108,99,6,33
2021-07-12,Store_A,127,60,107,55,6,38
2021-07-13,Store_A,178,144,91,50,14,42
2021-07-14,Store_A,158,75,76,98,53,37
2021-07-15,Store_A,94,118,119,84,33,34
2021-07-16,Store_A,133,32,120,47,13,20
2021-07-17,Store_A,216,184,55,27,52,28
2021-07-18,Store_A,68,108,49,73,35,38
2021-07-19,Store_A,219,124,109,20,19,26
2021-07-20,Store_A,122,198,137,97,44,6
2021-07-21,Store_A,272,164,94,76,15,44
2021-07-22,Store_A,268,61,50,50,5,29
2021-07-23,Store_A,107,65,113,72,39,27
2021-07-24,Store_A,114,127,24,15,12,23
2021-07-25,Store_A,286,196,122,21,7,25
2021-07-26,Store_A,148,134,73,24,37,26
2021-07-27,Store_A,183,86,127,94,36,15
2021-07-28,Store_A,63,99,144,60,49,27
2021-07-29,Store_A,258,131,109,99,67,43
2021-07-30,Store_A,203,112,122,47,58,41
2021-07-31,Store_A,88,87,72,76,25,13
2021-08-01,Store_A,74,163,46,87,21,9
2021-08-02,Store_A,87,145,38,48,14,24
2021-08-03,Store_A,258,99,130,59,44,34
2021-08-04,Store_A,211,167,98,80,47,49
2021-08-05,Store_A,227,35,53,61,54,32
2021-08-06,Store_A,235,100,116,15,38,44
2021-08-07,Store_A,295,90,104,96,5,3
2021-08-08,Store_A,202,70,20,81,47,36
2021-08-09,Store_A,91,92,107,44,22,16
2021-08-10,Store_A,250,72,53,21,43,47
2021-08-11,Store_A,281,48,48,99,14,19
2021-08-12,Store_A,73,167,52,41,51,31
2021-08-13,Store_A,232,34,103,64,62,10
2021-08-14,Store_A,119,140,120,28,64,26
2021-08-15,Store_A,171,55,30,20,77,9
2021-08-16,Store_A,171,107,120,54,66,41
2021-08-17,Store_A,277,53,149,74,46,9
2021-08-18,Store_A,242,149,23,14,70,47
2021-08-19,Store_A,250,109,125,39,10,0
2021-08-20,Store_A,205,55,61,47,71,29
2021-08-21,Store_A,293,52,53,27,29,0
2021-08-22,Store_A,89,92,111,73,77,17
2021-08-23,Store_A,172,184,47,79,33,27
2021-08-24,Store_A,87,184,142,38,74,42
2021-08-25,Store_A,89,110,72,55,49,48
2021-08-26,Store_A,236,188,65,27,38,19
2021-08-27,Store_A,138,49,102,78,38,26
2021-08-28,Store_A,103,63,127,22,42,25
2021-08-29,Store_A,216,97,60,37,42,45
2021-08-30,Store_A,154,71,123,13,39,40
2021-08-31,Store_A,183,44,51,62,13,27
2021-09-01,Store_A,52,161,100,73,79,23
2021-09-02,Store_A,174,72,106,47,76,25
2021-09-03,Store_A,134,116,109,97,8,36
2021-09-04,Store_A,116,156,47,72,18,42
2021-09-05,Store_A,201,164,66,38,58,2
2021-09-06,Store_A,113,123,70,28,18,48
2021-09-07,Store_A,96,124,103,82,59,30
2021-09-08,Store_A,122,33,29,78,58,8
2021-09-09,Store_A,241,116,46,81,56,16
2021-09-10,Store_A,148,112,118,82,18,8
2021-09-11,Store_A,185,85,124,85,71,19
2021-09-12,Store_A,162,163,96,38,75,36
2021-09-13,Store_A,117,97,99,58,65,38
2021-09-14,Store_A,212,166,143,80,73,22
2021-09-15,Store_A,115,151,139,52,9,44
2021-09-16,Store_A,166,131,73,83,22,43
2021-09-17,Store_A,64,136,40,64,26,8
2021-09-18,Store_A,127,168,108,37,24,7
2021-09-19,Store_A,133,113,63,11,63,45
2021-09-20,Store_A,176,180,39,15,48,38
2021-09-21,Store_A,160,107,39,12,28,47
2021-09-22,Store_A,66,154,46,42,23,48
2021-09-23,Store_A,257,51,20,24,14,22
2021-09-24,Store_A,256,40,104,26,36,35
2021-09-25,Store_A,266,106,111,47,45,14
2021-09-26,Store_A,293,89,121,84,46,5
2021-09-27,Store_A,56,163,137,87,34,20
2021-09-28,Store_A,236,68,56,57,31,41
2021-09-29,Store_A,121,158,109,79,9,4
2021-09-30,Store_A,51,149,46,26,50,4
2021-10-01,Store_A,127,149,111,46,7,28
2021-10-02,Store_A,261,197,128,20,73,3
2021-10-03,Store_A,290,117,94,95,35,48
2021-10-04,Store_A,72,99,149,40,33,10
2021-10-05,Store_A,54,191,82,41,19,23
2021-10-06,Store_A,252,178,74,27,46,26
2021-10-07,Store_A,178,98,83,70,29,11
2021-10-08,Store_A,221,115,64,55,33,4
2021-10-09,Store_A,212,181,92,45,73,32
2021-10-10,Store_A,230,120,28,19,54,41
2021-10-11,Store_A,215,79,110,43,69,4
2021-10-12,Store_A,293,183,33,36,6,48
2021-10-13,Store_A,170,197,80,84,52,36
2021-10-14,Store_A,249,131,118,98,21,42
2021-10-15,Store_A,85,132,137,40,27,14
2021-10-16,Store_A,226,30,32,46,46,14
2021-10-17,Store_A,53,188,41,72,61,11
2021-10-18,Store_A,265,91,134,62,63,26
2021-10-19,Store_A,70,164,147,61,42,45
2021-10-20,Store_A,229,88,38,33,42,24
2021-10-21,Store_A,182,122,80,49,60,35
2021-10-22,Store_A,223,166,130,95,45,9
2021-10-23,Store_A,228,176,127,57,55,1
2021-10-24,Store_A,96,72,85,63,8,17
2021-10-25,Store_A,247,68,84,25,60,9
2021-10-26,Store_A,264,127,41,38,44,42
2021-10-27,Store_A,181,167,89,93,33,36
2021-10-28,Store_A,132,75,33,13,72,7
2021-10-29,Store_A,105,167,98,19,22,42
2021-10-30,Store_A,65,66,28,15,41,43
2021-10-31,Store_A,196,103,80,34,35,42
2021-11-01,Store_A,286,74,55,13,55,7
2021-11-02,Store_A,123,114,71,21,74,30
2021-11-03,Store_A,159,105,140,98,62,33
2021-11-04,Store_A,271,189,138,39,60,25
2021-11-05,Store_A,97,81,52,32,51,40
2021-11-06,Store_A,222,37,37,59,68,49
2021-11-07,Store_A,176,133,65,54,21,11
2021-11-08,Store_A,270,123,80,16,54,23
2021-11-09,Store_A,268,181,103,94,51,21
2021-11-10,Store_A,139,167,32,63,25,4
2021-11-11,Store_A,62,73,40,54,59,11
2021-11-12,Store_A,101,50,138,48,23,36
2021-11-13,Store_A,246,146,24,39,5,16
2021-11-14,Store_A,299,136,73,90,58,19
2021-11-15,Store_A,136,32,22,84,76,2
2021-11-16,Store_A,126,82,149,74,41,45
2021-11-17,Store_A,141,35,97,49,6,23
2021-11-18,Store_A,189,168,86,49,77,31
2021-11-19,Store_A,57,169,116,55,8,36
2021-11-20,Store_A,292,162,92,47,7,0
2021-11-21,Store_A,221,160,114,51,71,45
2021-11-22,Store_A,203,192,37,57,60,29
2021-11-23,Store_A,227,68,102,97,31,36
2021-11-24,Store_A,250,123,142,30,13,29
2021-11-25,Store_A,82,145,142,95,41,7
2021-11-26,Store_A,272,81,124,79,67,36
2021-11-27,Store_A,178,85,112,57,15,13
2021-11-28,Store_A,202,121,72,63,19,14
2021-11-29,Store_A,236,142,76,82,14,9
2021-11-30,Store_A,69,87,135,74,48,13
2021-12-01,Store_A,118,158,37,67,23,34
2021-12-02,Store_A,151,198,148,52,39,45
2021-12-03,Store_A,52,80,124,76,70,27
2021-12-04,Store_A,74,180,113,96,70,14
2021-12-05,Store_A,263,64,31,75,70,18
2021-12-06,Store_A,280,43,70,86,28,22
2021-12-07,Store_A,108,57,96,59,32,8
2021-12-08,Store_A,141,32,123,70,53,17
2021-12-09,Store_A,65,156,31,25,64,42
2021-12-10,Store_A,211,80,112,31,79,37
2021-12-11,Store_A,51,87,140,39,17,6
2021-12-12,Store_A,148,158,107,68,38,8
2021-12-13,Store_A,151,122,35,96,25,37
2021-12-14,Store_A,52,199,119,86,77,1
2021-12-15,Store_A,233,193,27,14,22,43
2021-12-16,Store_A,131,97,40,30,65,35
2021-12-17,Store_A,72,103,56,41,34,14
2021-12-18,Store_A,294,38,132,83,66,2
2021-12-19,Store_A,91,45,34,75,47,15
2021-12-20,Store_A,299,73,109,65,16,26
2021-12-21,Store_A,58,35,126,50,11,9
2021-12-22,Store_A,242,63,104,38,44,8
2021-12-23,Store_A,157,194,100,68,59,18
2021-12-24,Store_A,216,65,122,87,5,4
2021-12-25,Store_A,154,178,27,60,60,1
2021-12-26,Store_A,281,87,47,49,42,34
2021-12-27,Store_A,132,36,142,48,77,28
2021-12-28,Store_A,90,88,20,27,52,5
2021-12-29,Store_A,290,186,108,79,21,29
2021-12-30,Store_A,233,191,127,97,14,23
2021-12-31,Store_A,166,149,35,87,60,30
2022-01-01,Store_A,207,153,103,82,31,1
2022-01-02,Store_A,130,92,55,89,23,41
2022-01-03,Store_A,68,196,148,61,28,4
2022-01-04,Store_A,289,93,137,84,70,36
2022-01-05,Store_A,286,147,29,47,51,10
2022-01-06,Store_A,98,53,124,36,26,38
2022-01-07,Store_A,61,144,49,39,5,18
2022-01-08,Store_A,158,193,85,78,22,0
2022-01-09,Store_A,281,113,99,15,34,42
2022-01-10,Store_A,159,60,108,85,10,29
2022-01-11,Store_A,160,194,111,28,43,7
2022-01-12,Store_A,64,197,51,10,55,20
2022-01-13,Store_A,115,165,27,22,48,40
2022-01-14,Store_A,230,95,96,53,9,8
2022-01-15,Store_A,292,86,104,71,20,17
2022-01-16,Store_A,209,184,24,31,18,24
2022-01-17,Store_A,62,37,103,66,31,41
2022-01-18,Store_A,146,199,144,68,58,8
2022-01-19,Store_A,54,42,143,22,79,40
2022-01-20,Store_A,165,187,107,71,67,33
2022-01-21,Store_A,207,42,87,38,36,1
2022-01-22,Store_A,264,91,137,35,9,1
2022-01-23,Store_A,275,98,54,28,30,38
2022-01-24,Store_A,213,54,68,20,25,25
2022-01-25,Store_A,80,53,57,61,17,10
2022-01-26,Store_A,187,36,68,73,26,19
2022-01-27,Store_A,64,35,54,73,18,44
2022-01-28,Store_A,96,80,128,61,53,35
2022-01-29,Store_A,115,60,120,37,26,29
2022-01-30,Store_A,278,36,115,50,31,18
2022-01-31,Store_A,70,58,40,76,27,0
2022-02-01,Store_A,118,71,33,39,79,48
2022-02-02,Store_A,98,130,39,34,26,11
2022-02-03,Store_A,251,193,108,73,8,14
2022-02-04,Store_A,113,79,78,92,24,41
2022-02-05,Store_A,107,78,76,99,78,39
2022-02-06,Store_A,293,178,39,68,64,15
2022-02-07,Store_A,298,166,121,22,19,20
2022-02-08,Store_A,120,107,37,92,30,22
2022-02-09,Store_A,182,68,110,86,71,17
2022-02-10,Store_A,192,43,25,15,33,26
2022-02-11,Store_A,263,37,55,86,34,37
2022-02-12,Store_A,166,32,92,26,22,47
2022-02-13,Store_A,243,153,52,15,13,24
2022-02-14,Store_A,261,186,136,62,30,43
2022-02-15,Store_A,95,80,102,57,44,24
2022-02-16,Store_A,211,96,61,67,32,2
2022-02-17,Store_A,294,40,58,51,24,8
2022-02-18,Store_A,275,61,84,74,11,9
2022-02-19,Store_A,108,55,95,33,62,1
2022-02-20,Store_A,100,111,96,58,56,7
2022-02-21,Store_A,177,41,127,32,23,18
2022-02-22,Store_A,52,134,96,50,22,2
2022-02-23,Store_A,137,33,55,73,51,9
2022-02-24,Store_A,58,104,116,28,28,48
2022-02-25,Store_A,218,42,30,94,67,45
2022-02-26,Store_A,131,106,59,46,8,4
2022-02-27,Store_A,296,102,78,13,60,19
2022-02-28,Store_A,269,44,79,51,9,26
2022-03-01,Store_A,213,102,123,88,45,36
2022-03-02,Store_A,215,30,135,78,26,26
2022-03-03,Store_A,80,124,127,71,43,1
2022-03-04,Store_A,123,43,128,10,70,14
2022-03-05,Store_A,179,151,67,14,45,17
2022-03-06,Store_A,219,177,111,43,5,40
2022-03-07,Store_A,278,116,118,82,26,40
2022-03-08,Store_A,203,60,112,35,36,43
2022-03-09,Store_A,271,67,103,75,19,14
2022-03-10,Store_A,166,138,52,22,26,4
2022-03-11,Store_A,195,49,48,91,75,27
2022-03-12,Store_A,123,163,95,15,10,24
2022-03-13,Store_A,122,199,66,98,38,40
2022-03-14,Store_A,108,148,24,77,40,39
2022-03-15,Store_A,191,50,47,16,68,49
2022-03-16,Store_A,66,190,107,85,66,19
2022-03-17,Store_A,130,148,80,90,23,45
2022-03-18,Store_A,188,93,120,92,35,12
2022-03-19,Store_A,188,178,142,86,45,41
2022-03-20,Store_A,174,100,60,41,19,49
2022-03-21,Store_A,59,34,38,20,7,11
2022-03-22,Store_A,299,117,50,17,44,1
2022-03-23,Store_A,197,150,47,26,66,49
2022-03-24,Store_A,278,116,110,58,42,3
2022-03-25,Store_A,279,144,50,79,65,40
2022-03-26,Store_A,153,136,140,23,25,35
2022-03-27,Store_A,265,104,84,29,54,38
2022-03-28,Store_A,266,93,94,50,76,5
2022-03-29,Store_A,71,199,82,17,27,30
2022-03-30,Store_A,269,129,126,75,10,4
2022-03-31,Store_A,84,71,134,44,8,26
2022-04-01,Store_A,99,184,21,94,76,17
2022-04-02,Store_A,65,59,44,74,15,2
2022-04-03,Store_A,145,30,120,85,50,8
2022-04-04,Store_A,263,130,67,28,31,4
2022-04-05,Store_A,140,57,42,10,57,8
2022-04-06,Store_A,258,105,147,97,77,31
2022-04-07,Store_A,198,85,128,43,64,31
2022-04-08,Store_A,271,170,59,80,52,25
2022-04-09,Store_A,139,184,99,61,72,9
2022-04-10,Store_A,165,128,55,44,18,47
2022-04-11,Store_A,229,117,92,10,11,8
2022-04-12,Store_A,220,94,96,34,69,5
2022-04-13,Store_A,74,115,53,95,71,31
2022-04-14,Store_A,192,164,96,90,5,16
2022-04-15,Store_A,132,132,24,67,14,37
2022-04-16,Store_A,273,129,65,92,75,18
2022-04-17,Store_A,179,191,138,20,65,49
2022-04-18,Store_A,54,63,32,78,21,20
2022-04-19,Store_A,242,156,72,66,12,6
2022-04-20,Store_A,150,59,107,54,8,40
2022-04-21,Store_A,177,97,147,96,25,33
2022-04-22,Store_A,236,65,24,44,76,45
2022-04-23,Store_A,236,198,101,92,76,47
2022-04-24,Store_A,255,151,81,39,26,31
2022-04-25,Store_A,179,133,127,46,63,0
2022-04-26,Store_A,242,150,121,73,72,25
2022-04-27,Store_A,251,127,29,99,32,11
2022-04-28,Store_A,122,118,48,85,22,29
2022-04-29,Store_A,270,151,100,39,62,47
2022-04-30,Store_A,224,30,130,63,11,8
2022-05-01,Store_A,62,189,32,58,48,2
2022-05-02,Store_A,209,139,52,49,48,18
2022-05-03,Store_A,65,50,101,13,34,37
2022-05-04,Store_A,149,38,78,23,67,15
2022-05-05,Store_A,80,129,93,61,55,13
2022-05-06,Store_A,168,37,114,42,72,34
2022-05-07,Store_A,223,131,122,34,21,41
2022-05-08,Store_A,296,61,49,99,44,24
2022-05-09,Store_A,62,47,111,18,54,33
2022-05-10,Store_A,163,135,110,70,31,46
2022-05-11,Store_A,200,134,127,45,50,21
2022-05-12,Store_A,196,135,110,58,35,10
2022-05-13,Store_A,77,198,72,55,46,10
2022-05-14,Store_A,249,32,61,34,71,38
2022-05-15,Store_A,227,158,89,92,40,11
2022-05-16,Store_A,218,36,68,28,78,21
2022-05-17,Store_A,137,120,137,43,71,14
2022-05-18,Store_A,65,172,84,88,20,48
2022-05-19,Store_A,295,112,41,86,16,25
2022-05-20,Store_A,121,40,123,90,74,12
2022-05-21,Store_A,141,180,69,32,52,26
2022-05-22,Store_A,188,122,35,97,32,25
2022-05-23,Store_A,113,61,33,89,19,25
2022-05-24,Store_A,269,105,27,22,71,45
2022-05-25,Store_A,151,163,54,29,28,48
2022-05-26,Store_A,260,76,92,66,10,29
2022-05-27,Store_A,50,106,125,87,51,11
2022-05-28,Store_A,60,91,84,30,41,40
2022-05-29,Store_A,217,147,131,50,20,11
2022-05-30,Store_A,71,83,56,23,31,42
2022-05-31,Store_A,59,106,123,99,68,24
2022-06-01,Store_A,231,87,48,97,33,44
2022-06-02,Store_A,141,89,57,85,30,49
2022-06-03,Store_A,136,121,85,29,27,29
2022-06-04,Store_A,56,36,97,49,37,27
2022-06-05,Store_A,80,170,108,96,31,30
2022-06-06,Store_A,262,155,137,67,74,24
2022-06-07,Store_A,228,143,33,56,69,4
2022-06-08,Store_A,288,167,135,24,18,4
2022-06-09,Store_A,247,143,27,59,18,25
2022-06-10,Store_A,163,69,62,96,12,12
2022-06-11,Store_A,64,119,51,67,64,46
2022-06-12,Store_A,226,158,89,88,47,19
2022-06-13,Store_A,115,70,27,41,35,33
2022-06-14,Store_A,263,161,36,70,48,44
2022-06-15,Store_A,213,31,47,47,27,31
2022-06-16,Store_A,263,66,132,55,47,40
2022-06-17,Store_A,50,82,117,48,77,42
2022-06-18,Store_A,137,74,111,85,76,12
2022-06-19,Store_A,98,54,28,62,8,45
2022-06-20,Store_A,171,189,20,26,10,42
2022-06-21,Store_A,166,104,101,43,63,8
2022-06-22,Store_A,160,39,120,94,41,8
2022-06-23,Store_A,65,118,70,80,51,23
2022-06-24,Store_A,108,197,90,36,12,7
2022-06-25,Store_A,155,94,60,32,57,45
2022-06-26,Store_A,280,139,107,18,7,22
2022-06-27,Store_A,299,112,48,69,34,32
2022-06-28,Store_A,242,95,64,31,35,27
2022-06-29,Store_A,277,68,75,72,25,36
2022-06-30,Store_A,266,41,120,18,72,17
2022-07-01,Store_A,177,60,117,53,69,15
2022-07-02,Store_A,119,161,99,46,50,3
2022-07-03,Store_A,258,184,127,80,35,0
2022-07-04,Store_A,61,165,138,27,65,26
2022-07-05,Store_A,262,47,27,97,78,0
2022-07-06,Store_A,191,199,114,16,49,49
2022-07-07,Store_A,299,179,81,18,9,44
2022-07-08,Store_A,225,150,32,82,78,4
2022-07-09,Store_A,217,174,120,75,44,0
2022-07-10,Store_A,133,191,23,51,77,36
2022-07-11,Store_A,213,131,78,22,16,49
2022-07-12,Store_A,275,181,136,58,75,15
2022-07-13,Store_A,221,180,57,19,56,29
2022-07-14,Store_A,203,118,33,49,30,10
2022-07-15,Store_A,214,88,132,42,54,19
2022-07-16,Store_A,291,101,95,16,71,46
2022-07-17,Store_A,212,103,82,54,56,45
2022-07-18,Store_A,240,185,121,91,51,23
2022-07-19,Store_A,143,83,112,85,54,0
2022-07-20,Store_A,81,125,112,63,67,18
2022-07-21,Store_A,213,109,142,91,21,2
2022-07-22,Store_A,134,108,64,49,58,24
2022-07-23,Store_A,228,190,113,32,12,36
2022-07-24,Store_A,87,105,127,52,74,27
2022-07-25,Store_A,280,77,40,98,45,26
2022-07-26,Store_A,249,62,63,53,13,28
2022-07-27,Store_A,225,167,144,28,27,8
2022-07-28,Store_A,207,100,22,92,23,41
2022-07-29,Store_A,70,177,43,67,12,49
2022-07-30,Store_A,88,143,46,77,79,36
2022-07-31,Store_A,160,185,58,86,48,31
2022-08-01,Store_A,180,159,55,37,9,29
2022-08-02,Store_A,142,102,74,53,21,16
2022-08-03,Store_A,185,167,118,12,12,33
2022-08-04,Store_A,101,126,78,51,25,33
2022-08-05,Store_A,228,132,111,46,11,49
2022-08-06,Store_A,206,98,97,31,72,10
2022-08-07,Store_A,156,141,125,86,19,33
2022-08-08,Store_A,74,96,65,53,18,15
2022-08-09,Store_A,257,176,103,86,32,15
2022-08-10,Store_A,158,158,113,37,26,17
2022-08-11,Store_A,84,69,109,21,19,45
2022-08-12,Store_A,85,113,68,84,25,8
2022-08-13,Store_A,58,63,67,33,66,14
2022-08-14,Store_A,144,166,42,44,20,30
2022-08-15,Store_A,99,32,137,60,38,44
2022-08-16,Store_A,277,85,20,82,32,14
2022-08-17,Store_A,169,33,137,44,71,22
2022-08-18,Store_A,130,191,32,81,66,28
2022-08-19,Store_A,191,183,83,12,35,24
2022-08-20,Store_A,124,160,92,74,17,23
2022-08-21,Store_A,140,90,147,80,78,15
2022-08-22,Store_A,102,54,58,37,27,3
2022-08-23,Store_A,230,108,68,71,59,16
2022-08-24,Store_A,92,43,117,10,38,41
2022-08-25,Store_A,181,155,137,82,15,45
2022-08-26,Store_A,221,124,72,50,51,20
2022-08-27,Store_A,82,180,43,12,49,47
2022-08-28,Store_A,103,112,128,98,15,42
2022-08-29,Store_A,290,136,66,73,59,29
2022-08-30,Store_A,117,169,100,73,51,22
2022-08-31,Store_A,193,195,148,23,66,7
2022-09-01,Store_A,275,157,55,42,26,45
2022-09-02,Store_A,139,62,53,74,29,27
2022-09-03,Store_A,134,50,37,78,30,19
2022-09-04,Store_A,178,69,138,53,17,38
2022-09-05,Store_A,188,141,35,81,73,10
2022-09-06,Store_A,230,47,146,31,61,43
2022-09-07,Store_A,87,96,34,92,49,47
2022-09-08,Store_A,89,117,30,38,34,31
2022-09-09,Store_A,196,104,145,38,64,34
2022-09-10,Store_A,165,105,98,54,56,47
2022-09-11,Store_A,161,177,40,37,14,32
2022-09-12,Store_A,275,91,144,31,29,15
2022-09-13,Store_A,256,124,138,10,67,27
2022-09-14,Store_A,262,183,70,91,65,19
2022-09-15,Store_A,253,123,93,65,65,34
2022-09-16,Store_A,214,152,77,57,61,11
2022-09-17,Store_A,210,68,20,75,67,24
2022-09-18,Store_A,81,95,139,21,58,40
2022-09-19,Store_A,85,186,60,44,55,37
2022-09-20,Store_A,222,179,94,86,70,11
2022-09-21,Store_A,262,130,75,94,21,0
2022-09-22,Store_A,111,145,35,31,37,34
2022-09-23,Store_A,65,152,40,29,44,16
2022-09-24,Store_A,150,177,80,67,59,48
2022-09-25,Store_A,280,85,92,12,41,19
2022-09-26,Store_A,86,106,23,85,75,38
2022-09-27,Store_A,253,117,94,44,79,3
2022-09-28,Store_A,66,180,148,97,74,35
2022-09-29,Store_A,166,46,120,89,57,22
2022-09-30,Store_A,255,74,118,68,58,17
2022-10-01,Store_A,289,130,110,93,8,17
2022-10-02,Store_A,98,154,137,53,51,42
2022-10-03,Store_A,97,34,108,81,60,33
2022-10-04,Store_A,140,113,34,27,41,41
2022-10-05,Store_A,208,146,130,94,13,33
2022-10-06,Store_A,212,191,149,14,7,19
2022-10-07,Store_A,107,134,116,50,43,39
2022-10-08,Store_A,170,52,35,90,67,18
2022-10-09,Store_A,285,72,103,98,77,48
2022-10-10,Store_A,63,112,40,41,24,13
2022-10-11,Store_A,264,165,111,22,26,47
2022-10-12,Store_A,219,55,72,36,75,41
2022-10-13,Store_A,148,191,84,69,50,24
2022-10-14,Store_A,253,180,126,28,20,20
2022-10-15,Store_A,255,115,90,73,51,3
2022-10-16,Store_A,194,94,136,99,18,28
2022-10-17,Store_A,153,39,57,82,7,32
2022-10-18,Store_A,133,32,51,17,30,34
2022-10-19,Store_A,187,33,132,30,23,20
2022-10-20,Store_A,113,150,52,91,45,7
2022-10-21,Store_A,183,49,115,51,31,49
2022-10-22,Store_A,159,79,26,73,64,38
2022-10-23,Store_A,94,97,47,69,21,22
2022-10-24,Store_A,294,73,66,68,70,18
2022-10-25,Store_A,249,76,121,54,12,20
2022-10-26,Store_A,156,91,23,89,50,11
2022-10-27,Store_A,97,91,23,54,75,47
2022-10-28,Store_A,77,35,37,19,52,44
2022-10-29,Store_A,221,110,24,19,55,16
2022-10-30,Store_A,255,105,141,25,55,28
2022-10-31,Store_A,181,48,129,74,48,5
2022-11-01,Store_A,299,63,132,36,32,0
2022-11-02,Store_A,207,181,73,67,53,2
2022-11-03,Store_A,257,172,85,64,75,14
2022-11-04,Store_A,266,93,95,69,62,2
2022-11-05,Store_A,188,44,53,81,23,16
2022-11-06,Store_A,190,61,36,32,33,25
2022-11-07,Store_A,230,48,42,97,29,35
2022-11-08,Store_A,268,167,102,84,77,23
2022-11-09,Store_A,143,34,98,40,31,36
2022-11-10,Store_A,50,55,123,43,18,25
2022-11-11,Store_A,50,193,53,64,14,48
2022-11-12,Store_A,105,81,124,57,37,39
2022-11-13,Store_A,288,126,100,27,42,15
2022-11-14,Store_A,96,154,145,32,77,16
2022-11-15,Store_A,100,165,55,70,78,42
2022-11-16,Store_A,275,124,69,10,74,15
2022-11-17,Store_A,55,113,102,59,65,17
2022-11-18,Store_A,195,123,107,43,5,10
2022-11-19,Store_A,65,131,72,28,67,16
2022-11-20,Store_A,246,186,112,76,25,40
2022-11-21,Store_A,110,155,32,19,79,13
2022-11-22,Store_A,123,150,50,50,53,28
2022-11-23,Store_A,155,143,116,12,34,9
2022-11-24,Store_A,132,166,62,63,52,22
2022-11-25,Store_A,191,90,71,77,32,3
2022-11-26,Store_A,180,78,140,15,53,34
2022-11-27,Store_A,52,132,89,73,74,35
2022-11-28,Store_A,229,31,29,62,60,7
2022-11-29,Store_A,180,32,45,38,76,9
2022-11-30,Store_A,55,32,109,14,67,9
2022-12-01,Store_A,102,90,121,81,27,5
2022-12-02,Store_A,58,108,70,47,47,21
2022-12-03,Store_A,282,86,24,58,34,9
2022-12-04,Store_A,203,72,39,41,63,10
2022-12-05,Store_A,223,31,93,28,12,48
2022-12-06,Store_A,225,153,106,90,40,46
2022-12-07,Store_A,147,137,117,93,54,23
2022-12-08,Store_A,248,198,91,56,25,42
2022-12-09,Store_A,155,190,75,90,56,38
2022-12-10,Store_A,287,138,23,68,77,49
2022-12-11,Store_A,239,148,39,78,66,43
2022-12-12,Store_A,79,139,121,35,22,19
2022-12-13,Store_A,288,45,122,67,69,4
2022-12-14,Store_A,164,190,21,39,11,2
2022-12-15,Store_A,187,42,74,59,30,49
2022-12-16,Store_A,98,49,107,86,45,40
2022-12-17,Store_A,79,39,81,41,21,12
2022-12-18,Store_A,232,128,28,25,37,10
2022-12-19,Store_A,130,44,68,21,73,2
2022-12-20,Store_A,232,106,67,29,39,11
2022-12-21,Store_A,209,130,40,63,36,19
2022-12-22,Store_A,239,184,139,89,24,27
2022-12-23,Store_A,201,188,50,19,65,15
2022-12-24,Store_A,241,181,37,75,73,2
2022-12-25,Store_A,172,83,68,84,5,37
2022-12-26,Store_A,152,138,118,61,72,43
2022-12-27,Store_A,168,163,20,13,15,2
2022-12-28,Store_A,122,81,61,44,27,43
2022-12-29,Store_A,136,133,79,95,74,3
2022-12-30,Store_A,242,147,32,22,38,46
2022-12-31,Store_A,261,111,118,15,28,33
2023-01-01,Store_A,134,128,39,37,25,17
2023-01-02,Store_A,249,195,144,37,42,34
2023-01-03,Store_A,141,100,145,48,21,32
2023-01-04,Store_A,241,188,75,72,40,14
2023-01-05,Store_A,257,144,106,91,59,38
2023-01-06,Store_A,115,40,124,88,70,1
2023-01-07,Store_A,173,173,140,34,76,18
2023-01-08,Store_A,138,85,104,86,79,31
2023-01-09,Store_A,261,175,23,31,51,25
2023-01-10,Store_A,162,138,93,83,59,4
2023-01-11,Store_A,54,110,69,29,52,18
2023-01-12,Store_A,125,185,87,88,41,4
2023-01-13,Store_A,284,41,145,57,43,34
2023-01-14,Store_A,64,188,139,76,60,24
2023-01-15,Store_A,252,99,22,76,5,21
2023-01-16,Store_A,280,159,131,98,51,43
2023-01-17,Store_A,248,169,83,47,34,3
2023-01-18,Store_A,209,148,138,18,33,42
2023-01-19,Store_A,71,70,49,83,22,46
2023-01-20,Store_A,178,129,55,78,63,48
2023-01-21,Store_A,192,101,91,56,58,38
2023-01-22,Store_A,225,126,119,47,15,25
2023-01-23,Store_A,59,68,72,80,68,23
2023-01-24,Store_A,219,199,52,90,13,4
2023-01-25,Store_A,119,175,25,68,74,20
2023-01-26,Store_A,241,91,93,77,44,7
2023-01-27,Store_A,297,74,97,17,75,1
2023-01-28,Store_A,151,51,51,46,30,43
2023-01-29,Store_A,88,56,116,83,69,24
2023-01-30,Store_A,64,105,113,94,40,2
2023-01-31,Store_A,199,192,102,37,34,17
2023-02-01,Store_A,273,198,78,83,61,40
2023-02-02,Store_A,262,120,83,52,74,19
2023-02-03,Store_A,72,97,124,77,6,8
2023-02-04,Store_A,123,104,99,21,48,43
2023-02-05,Store_A,272,32,99,63,21,18
2023-02-06,Store_A,241,60,128,44,69,20
2023-02-07,Store_A,118,124,34,67,45,13
2023-02-08,Store_A,103,131,141,40,75,31
2023-02-09,Store_A,153,184,120,86,27,34
2023-02-10,Store_A,198,199,76,54,7,17
2023-02-11,Store_A,170,173,50,97,11,46
2023-02-12,Store_A,155,167,76,13,38,12
2023-02-13,Store_A,210,46,139,60,15,8
2023-02-14,Store_A,104,66,116,20,55,44
2023-02-15,Store_A,246,135,107,78,42,43
2023-02-16,Store_A,261,70,98,37,8,15
2023-02-17,Store_A,82,150,20,69,26,33
2023-02-18,Store_A,248,158,122,80,30,35
2023-02-19,Store_A,125,41,47,61,58,26
2023-02-20,Store_A,92,159,66,76,32,8
2023-02-21,Store_A,172,79,128,53,67,36
2023-02-22,Store_A,193,75,129,35,23,11
2023-02-23,Store_A,143,146,133,15,56,36
2023-02-24,Store_A,215,66,76,42,36,6
2023-02-25,Store_A,277,54,107,89,41,40
2023-02-26,Store_A,111,62,34,57,77,23
2023-02-27,Store_A,190,195,70,79,74,4
2023-02-28,Store_A,179,193,58,48,42,13
2023-03-01,Store_A,213,32,57,94,24,3
2023-03-02,Store_A,239,40,51,83,70,4
2023-03-03,Store_A,201,114,91,42,75,8
2023-03-04,Store_A,143,105,125,47,46,32
2023-03-05,Store_A,126,100,81,57,72,17
2023-03-06,Store_A,227,191,93,10,38,17
2023-03-07,Store_A,232,79,117,30,54,25
2023-03-08,Store_A,115,85,65,81,22,0
2023-03-09,Store_A,242,99,98,48,19,24
2023-03-10,Store_A,90,48,57,11,8,39
2023-03-11,Store_A,149,198,43,18,30,12
2023-03-12,Store_A,95,97,120,54,51,21
2023-03-13,Store_A,68,56,26,91,24,49
2023-03-14,Store_A,173,137,42,82,23,33
2023-03-15,Store_A,118,68,114,80,50,45
2023-03-16,Store_A,177,130,85,52,67,11
2023-03-17,Store_A,263,118,59,30,25,24
2023-03-18,Store_A,199,174,47,20,5,36
2023-03-19,Store_A,271,106,20,17,37,3
2023-03-20,Store_A,163,198,47,32,70,2
2023-03-21,Store_A,104,152,93,60,19,46
2023-03-22,Store_A,260,52,66,20,70,13
2023-03-23,Store_A,160,83,27,29,57,10
2023-03-24,Store_A,170,92,93,96,77,38
2023-03-25,Store_A,252,165,90,94,32,42
2023-03-26,Store_A,129,192,105,16,45,28
2023-03-27,Store_A,72,67,88,20,18,39
2023-03-28,Store_A,230,119,24,64,45,20
2023-03-29,Store_A,196,169,82,69,49,48
2023-03-30,Store_A,235,82,64,15,51,14
2023-03-31,Store_A,232,45,26,40,78,3
2023-04-01,Store_A,178,84,85,94,8,42
2023-04-02,Store_A,110,71,90,43,12,17
2023-04-03,Store_A,58,121,109,98,15,40
2023-04-04,Store_A,128,169,36,62,43,6
2023-04-05,Store_A,265,150,33,27,56,10
2023-04-06,Store_A,51,165,112,35,59,20
2023-04-07,Store_A,120,129,131,14,45,49
2023-04-08,Store_A,238,149,42,14,77,5
2023-04-09,Store_A,87,133,42,74,16,34
2023-04-10,Store_A,96,107,128,15,19,47
2023-04-11,Store_A,163,119,91,16,53,48
2023-04-12,Store_A,142,50,53,59,13,5
2023-04-13,Store_A,180,97,24,52,58,14
2023-04-14,Store_A,154,159,130,44,59,44
2023-04-15,Store_A,259,161,53,56,48,39
2023-04-16,Store_A,119,98,24,79,32,21
2023-04-17,Store_A,123,74,44,23,35,37
2023-04-18,Store_A,236,91,122,26,35,19
2023-04-19,Store_A,297,187,23,21,45,32
2023-04-20,Store_A,246,66,59,94,12,27
2023-04-21,Store_A,262,44,106,23,25,3
2023-04-22,Store_A,107,154,32,43,10,37
2023-04-23,Store_A,72,96,46,61,71,26
2023-04-24,Store_A,245,49,104,48,64,10
2023-04-25,Store_A,68,83,61,74,24,14
2023-04-26,Store_A,277,75,128,15,33,21
2023-04-27,Store_A,265,198,75,73,77,11
2023-04-28,Store_A,245,190,28,77,40,25
2023-04-29,Store_A,203,45,141,46,35,2
2023-04-30,Store_A,218,35,124,55,49,36
2023-05-01,Store_A,71,35,50,30,48,16
2023-05-02,Store_A,57,56,117,41,51,0
2023-05-03,Store_A,180,114,135,38,46,5
2023-05-04,Store_A,136,120,133,50,46,14
2023-05-05,Store_A,220,144,68,48,29,19
2023-05-06,Store_A,176,184,25,46,70,19
2023-05-07,Store_A,225,94,140,73,79,26
2023-05-08,Store_A,121,140,49,98,28,1
2023-05-09,Store_A,202,164,64,83,6,18
2023-05-10,Store_A,148,36,72,40,77,27
2023-05-11,Store_A,296,166,132,22,5,13
2023-05-12,Store_A,110,57,123,33,64,12
2023-05-13,Store_A,190,149,136,16,22,33
2023-05-14,Store_A,225,147,84,18,42,25
2023-05-15,Store_A,227,174,100,81,76,28
2023-05-16,Store_A,80,48,75,66,77,19
2023-05-17,Store_A,217,55,121,90,33,46
2023-05-18,Store_A,141,57,89,41,26,17
2023-05-19,Store_A,213,168,40,89,27,47
2023-05-20,Store_A,186,85,52,33,13,37
2023-05-21,Store_A,226,128,23,76,72,45
2023-05-22,Store_A,112,54,117,60,16,18
2023-05-23,Store_A,57,53,56,55,50,39
2023-05-24,Store_A,115,190,38,29,27,41
2023-05-25,Store_A,151,137,39,37,43,4
2023-05-26,Store_A,281,121,53,48,79,46
2023-05-27,Store_A,279,112,62,28,62,48
2023-05-28,Store_A,203,49,60,70,46,21
2023-05-29,Store_A,168,65,94,68,52,36
2023-05-30,Store_A,212,132,111,35,25,30
2023-05-31,Store_A,86,44,121,13,64,3
2023-06-01,Store_A,298,142,98,77,30,43
2023-06-02,Store_A,153,101,100,67,19,22
2023-06-03,Store_A,226,138,79,33,42,32
2023-06-04,Store_A,134,47,102,75,15,4
2023-06-05,Store_A,128,105,143,40,22,38
2023-06-06,Store_A,225,178,144,66,54,49
2023-06-07,Store_A,235,82,79,13,53,11
2023-06-08,Store_A,187,38,28,25,20,0
2023-06-09,Store_A,265,52,114,13,77,19
2023-06-10,Store_A,102,61,37,78,76,27
2023-06-11,Store_A,87,128,67,30,18,7
2023-06-12,Store_A,174,56,60,88,8,46
2023-06-13,Store_A,282,160,20,20,19,42
2023-06-14,Store_A,122,140,147,78,41,1
2023-06-15,Store_A,115,166,121,65,70,12
2023-06-16,Store_A,148,108,75,46,36,21
2023-06-17,Store_A,274,168,130,10,31,5
2023-06-18,Store_A,81,110,21,59,19,30
2023-06-19,Store_A,268,37,122,48,17,39
2023-06-20,Store_A,89,66,125,79,64,0
2023-06-21,Store_A,226,97,70,47,48,14
2023-06-22,Store_A,287,138,84,86,43,0
2023-06-23,Store_A,201,149,21,71,74,8
2023-06-24,Store_A,72,56,142,47,68,29
2023-06-25,Store_A,59,88,33,12,54,43
2023-06-26,Store_A,266,131,48,25,44,10
2023-06-27,Store_A,219,88,122,66,68,40
2023-06-28,Store_A,71,57,100,43,34,13
2023-06-29,Store_A,186,60,68,74,28,40
2023-06-30,Store_A,109,53,144,72,41,31
2023-07-01,Store_A,276,153,136,24,25,6
2023-07-02,Store_A,298,63,99,48,20,35
2023-07-03,Store_A,104,198,45,80,79,43
2023-07-04,Store_A,150,73,61,32,13,7
2023-07-05,Store_A,299,31,32,15,38,11
2023-07-06,Store_A,217,199,109,89,70,42
2023-07-07,Store_A,178,189,86,32,20,26
2023-07-08,Store_A,214,99,112,85,63,0
2023-07-09,Store_A,212,65,58,99,79,41
2023-07-10,Store_A,99,97,42,83,62,1
2023-07-11,Store_A,245,78,147,39,54,43
2023-07-12,Store_A,137,115,92,74,66,37
2023-07-13,Store_A,288,129,38,10,79,3
2023-07-14,Store_A,248,155,64,46,50,3
2023-07-15,Store_A,178,48,128,64,25,48
2023-07-16,Store_A,296,140,100,73,8,46
2023-07-17,Store_A,81,92,27,53,70,2
2023-07-18,Store_A,135,77,101,20,49,10
2023-07-19,Store_A,238,184,61,27,66,42
2023-07-20,Store_A,196,148,76,31,66,1
2023-07-21,Store_A,71,92,130,74,65,42
2023-07-22,Store_A,111,164,70,33,48,3
2023-07-23,Store_A,163,48,97,54,23,42
2023-07-24,Store_A,238,83,21,96,37,19
2023-07-25,Store_A,85,185,100,47,42,20
2023-07-26,Store_A,85,36,37,56,54,43
2023-07-27,Store_A,96,190,149,84,58,4
2023-07-28,Store_A,81,63,76,80,48,27
2023-07-29,Store_A,155,149,52,59,34,14
2023-07-30,Store_A,272,170,62,88,51,0
2023-07-31,Store_A,277,66,91,10,5,24
2023-08-01,Store_A,277,108,133,52,66,13
2023-08-02,Store_A,255,89,84,87,28,46
2023-08-03,Store_A,259,186,35,96,50,22
2023-08-04,Store_A,89,34,52,71,54,35
2023-08-05,Store_A,160,109,58,97,37,22
2023-08-06,Store_A,99,104,113,26,71,21
2023-08-07,Store_A,125,61,118,75,5,33
2023-08-08,Store_A,225,135,100,25,33,38
2023-08-09,Store_A,285,55,137,43,59,6
2023-08-10,Store_A,138,142,62,47,66,2
2023-08-11,Store_A,209,158,50,24,65,17
2023-08-12,Store_A,168,167,78,75,55,36
2023-08-13,Store_A,239,163,81,12,25,0
2023-08-14,Store_A,150,143,138,17,15,13
2023-08-15,Store_A,298,129,138,40,61,13
2023-08-16,Store_A,99,100,131,47,52,36
2023-08-17,Store_A,189,76,83,70,25,8
2023-08-18,Store_A,187,140,53,58,17,2
2023-08-19,Store_A,291,90,105,52,73,13
2023-08-20,Store_A,56,135,84,28,67,9
2023-08-21,Store_A,172,148,133,72,71,23
2023-08-22,Store_A,166,127,92,45,11,12
2023-08-23,Store_A,263,82,52,41,29,27
2023-08-24,Store_A,208,123,27,98,79,33
2023-08-25,Store_A,106,126,134,55,15,21
2023-08-26,Store_A,298,116,130,40,62,7
2023-08-27,Store_A,56,199,49,55,31,11
2023-08-28,Store_A,128,190,41,68,22,18
2023-08-29,Store_A,110,125,81,51,9,7
2023-08-30,Store_A,207,96,139,24,34,24
2023-08-31,Store_A,275,106,41,84,60,25
2023-09-01,Store_A,268,107,39,52,66,36
2023-09-02,Store_A,134,82,80,87,56,30
2023-09-03,Store_A,133,80,127,99,65,20
2023-09-04,Store_A,206,84,100,79,21,6
2023-09-05,Store_A,174,180,61,44,30,16
2023-09-06,Store_A,64,50,130,10,47,42
2023-09-07,Store_A,225,118,104,26,44,13
2023-09-08,Store_A,95,105,81,19,60,34
2023-09-09,Store_A,297,153,127,26,14,44
2023-09-10,Store_A,140,56,102,12,23,44
2023-09-11,Store_A,127,132,57,99,37,4
2023-09-12,Store_A,283,142,60,61,78,44
2023-09-13,Store_A,264,33,39,15,40,48
2023-09-14,Store_A,278,194,67,83,69,39
2023-09-15,Store_A,238,83,29,75,38,25
2023-09-16,Store_A,188,95,22,94,56,22
2023-09-17,Store_A,89,90,70,31,34,49
2023-09-18,Store_A,69,133,34,34,8,9
2023-09-19,Store_A,139,199,144,67,24,38
2023-09-20,Store_A,78,141,45,40,5,48
2023-09-21,Store_A,156,105,104,24,48,18
2023-09-22,Store_A,234,42,74,32,23,48
2023-09-23,Store_A,161,81,115,58,63,16
2023-09-24,Store_A,150,124,98,40,23,3
2023-09-25,Store_A,86,144,21,66,56,27
2023-09-26,Store_A,246,184,76,27,22,34
2023-09-27,Store_A,133,104,112,82,36,39
2023-09-28,Store_A,151,53,148,88,73,47
2023-09-29,Store_A,253,100,66,42,73,41
2023-09-30,Store_A,70,198,46,65,10,3
2023-10-01,Store_A,100,69,81,57,15,2
2023-10-02,Store_A,216,151,86,79,45,6
2023-10-03,Store_A,232,40,117,76,25,40
2023-10-04,Store_A,56,44,148,72,69,1
2023-10-05,Store_A,197,191,143,34,38,15
2023-10-06,Store_A,181,62,84,28,15,21
2023-10-07,Store_A,185,72,40,53,14,4
2023-10-08,Store_A,106,132,119,99,10,29
2023-10-09,Store_A,100,160,131,32,69,47
2023-10-10,Store_A,145,30,64,78,74,22
2023-10-11,Store_A,217,114,58,68,79,24
2023-10-12,Store_A,275,101,66,25,41,32
2023-10-13,Store_A,260,145,126,30,34,4
2023-10-14,Store_A,225,158,37,95,63,23
2023-10-15,Store_A,286,184,139,16,33,0
2023-10-16,Store_A,179,149,83,73,13,17
2023-10-17,Store_A,97,43,39,39,68,27
2023-10-18,Store_A,243,111,148,11,51,34
2023-10-19,Store_A,124,152,114,14,34,22
2023-10-20,Store_A,136,50,82,42,61,21
2023-10-21,Store_A,126,182,95,26,46,7
2023-10-22,Store_A,290,194,100,29,23,23
2023-10-23,Store_A,76,86,40,23,61,15
2023-10-24,Store_A,150,186,21,48,79,8
2023-10-25,Store_A,104,30,112,59,12,7
2023-10-26,Store_A,193,114,82,32,69,21
2023-10-27,Store_A,189,138,49,33,44,45
2023-10-28,Store_A,124,35,68,89,40,5
2023-10-29,Store_A,117,134,52,87,52,4
2023-10-30,Store_A,208,159,69,63,33,39
2023-10-31,Store_A,196,48,40,85,50,30
2023-11-01,Store_A,155,65,108,47,9,6
2023-11-02,Store_A,69,121,135,25,50,44
2023-11-03,Store_A,287,40,79,17,66,31
2023-11-04,Store_A,197,97,26,22,66,25
2023-11-05,Store_A,91,102,73,16,20,30
2023-11-06,Store_A,103,145,122,13,19,14
2023-11-07,Store_A,99,31,138,13,75,29
2023-11-08,Store_A,208,169,55,53,77,12
2023-11-09,Store_A,282,176,137,66,73,32
2023-11-10,Store_A,57,51,99,90,77,41
2023-11-11,Store_A,184,49,113,72,76,17
2023-11-12,Store_A,95,156,23,29,35,39
2023-11-13,Store_A,79,128,128,50,70,6
2023-11-14,Store_A,103,181,128,50,13,25
2023-11-15,Store_A,263,89,129,11,22,20
2023-11-16,Store_A,241,128,43,77,57,46
2023-11-17,Store_A,89,55,79,30,17,12
2023-11-18,Store_A,271,144,41,29,8,41
2023-11-19,Store_A,287,181,83,57,38,47
2023-11-20,Store_A,214,78,85,90,51,24
2023-11-21,Store_A,209,164,49,89,42,21
2023-11-22,Store_A,113,110,28,47,13,17
2023-11-23,Store_A,75,190,35,79,68,35
2023-11-24,Store_A,82,194,50,70,24,21
2023-11-25,Store_A,210,112,128,19,36,15
2023-11-26,Store_A,262,173,60,67,62,13
2023-11-27,Store_A,199,72,132,76,71,1
2023-11-28,Store_A,120,110,46,45,63,16
2023-11-29,Store_A,51,114,100,79,53,31
2023-11-30,Store_A,243,46,94,60,18,1
2023-12-01,Store_A,295,91,29,55,34,17
2023-12-02,Store_A,229,145,34,53,62,7
2023-12-03,Store_A,93,161,22,71,33,1
2023-12-04,Store_A,175,47,50,43,15,46
2023-12-05,Store_A,58,63,22,74,75,47
2023-12-06,Store_A,217,141,94,76,52,38
2023-12-07,Store_A,248,95,55,33,19,48
2023-12-08,Store_A,202,144,41,13,62,6
2023-12-09,Store_A,50,192,90,71,14,28
2023-12-10,Store_A,54,49,89,97,73,34
2023-12-11,Store_A,163,171,61,62,40,28
2023-12-12,Store_A,202,67,50,56,20,2
2023-12-13,Store_A,243,117,36,54,29,47
2023-12-14,Store_A,68,140,108,38,64,0
2023-12-15,Store_A,125,96,105,60,62,5
2023-12-16,Store_A,292,39,23,11,37,42
2023-12-17,Store_A,244,85,22,37,78,0
2023-12-18,Store_A,285,87,109,70,55,47
2023-12-19,Store_A,207,60,42,16,61,42
2023-12-20,Store_A,289,74,111,70,46,13
2023-12-21,Store_A,188,70,80,35,12,6
2023-12-22,Store_A,215,119,143,57,37,5
2023-12-23,Store_A,205,50,92,38,73,48
2023-12-24,Store_A,184,197,90,47,24,30
2023-12-25,Store_A,71,176,54,16,58,21
2023-12-26,Store_A,162,42,124,12,53,33
2023-12-27,Store_A,97,151,34,10,35,29
2023-12-28,Store_A,198,134,47,14,78,31
2023-12-29,Store_A,273,117,117,99,44,9
2023-12-30,Store_A,201,123,46,71,78,36
2023-12-31,Store_A,271,189,94,90,63,25
